{
    "camera_angle_x": 0.6911112070083618,
    "frames": [
        {
            "file_path": "00000",
            "rotation": 0.30643588304519653,
            "transform_matrix": [
                [
                    0.953414797782898,
                    -0.2678617835044861,
                    0.1387454867362976,
                    0.2774910628795624
                ],
                [
                    0.30166247487068176,
                    0.8465865254402161,
                    -0.438510000705719,
                    -0.8770200610160828
                ],
                [
                    1.1777315123140397e-08,
                    0.4599362015724182,
                    0.8879519701004028,
                    1.7759039402008057
                ],
                [
                    0.0,
                    0.0,
                    0.0,
                    1.0
                ]
            ]
        },
        {
            "file_path": "00001",
            "rotation": 1.0738511085510254,
            "transform_matrix": [
                [
                    0.4767424762248993,
                    0.6825279593467712,
                    0.5539604425430298,
                    1.1079208850860596
                ],
                [
                    0.8790429830551147,
                    -0.3701641261577606,
                    -0.30043619871139526,
                    -0.6008727550506592
                ],
                [
                    1.780215228563975e-07,
                    0.6301857233047485,
                    -0.7764444351196289,
                    -1.5528886318206787
                ],
                [
                    0.0,
                    0.0,
                    0.0,
                    1.0
                ]
            ]
        },
        {
            "file_path": "00002",
            "rotation": 1.9126865863800049,
            "transform_matrix": [
                [
                    -0.3352685570716858,
                    -0.6926206350326538,
                    0.638648271560669,
                    1.2772964239120483
                ],
                [
                    0.9421225786209106,
                    -0.24647952616214752,
                    0.2272726148366928,
                    0.4545449912548065
                ],
                [
                    1.7879635549888917e-08,
                    0.6778823137283325,
                    0.7351704239845276,
                    1.4703409671783447
                ],
                [
                    0.0,
                    0.0,
                    0.0,
                    1.0
                ]
            ]
        },
        {
            "file_path": "00003",
            "rotation": 0.729543924331665,
            "transform_matrix": [
                [
                    0.7454784512519836,
                    -0.2872236371040344,
                    0.601468563079834,
                    1.2029368877410889
                ],
                [
                    0.6665297150611877,
                    0.32124465703964233,
                    -0.6727109551429749,
                    -1.3454220294952393
                ],
                [
                    -8.434614073848934e-08,
                    0.9023882150650024,
                    0.43092405796051025,
                    0.8618482947349548
                ],
                [
                    0.0,
                    0.0,
                    0.0,
                    1.0
                ]
            ]
        },
        {
            "file_path": "00004",
            "rotation": 1.1322760581970215,
            "transform_matrix": [
                [
                    0.424600213766098,
                    -0.3228003978729248,
                    0.845880925655365,
                    1.69176185131073
                ],
                [
                    0.9053809642791748,
                    0.15138496458530426,
                    -0.3966962695121765,
                    -0.7933925986289978
                ],
                [
                    6.84891574564972e-08,
                    0.9342818260192871,
                    0.3565354347229004,
                    0.7130711078643799
                ],
                [
                    0.0,
                    0.0,
                    0.0,
                    1.0
                ]
            ]
        },
        {
            "file_path": "00005",
            "rotation": 1.304154872894287,
            "transform_matrix": [
                [
                    0.26349306106567383,
                    -0.7226349115371704,
                    0.6390385031700134,
                    1.2780771255493164
                ],
                [
                    0.9646613001823425,
                    0.1973845511674881,
                    -0.17455066740512848,
                    -0.34910106658935547
                ],
                [
                    7.854661987494183e-08,
                    0.6624485850334167,
                    0.7491074204444885,
                    1.498214840888977
                ],
                [
                    0.0,
                    0.0,
                    0.0,
                    1.0
                ]
            ]
        },
        {
            "file_path": "00006",
            "rotation": -0.14617589116096497,
            "transform_matrix": [
                [
                    0.989335298538208,
                    0.12013091146945953,
                    -0.08236625790596008,
                    -0.16473248600959778
                ],
                [
                    -0.14565588533878326,
                    0.8159626126289368,
                    -0.5594545602798462,
                    -1.1189090013504028
                ],
                [
                    -2.6381030693301e-09,
                    0.5654852986335754,
                    0.8247584104537964,
                    1.6495168209075928
                ],
                [
                    0.0,
                    0.0,
                    0.0,
                    1.0
                ]
            ]
        },
        {
            "file_path": "00007",
            "rotation": -1.7529493570327759,
            "transform_matrix": [
                [
                    -0.18114739656448364,
                    0.286245733499527,
                    -0.9408767223358154,
                    -1.8817535638809204
                ],
                [
                    -0.9834559559822083,
                    -0.05272496119141579,
                    0.17330452799797058,
                    0.34660884737968445
                ],
                [
                    -5.823085125200578e-09,
                    0.9567044973373413,
                    0.29106104373931885,
                    0.5821223258972168
                ],
                [
                    0.0,
                    0.0,
                    0.0,
                    1.0
                ]
            ]
        },
        {
            "file_path": "00008",
            "rotation": -1.8574440479278564,
            "transform_matrix": [
                [
                    -0.2827383279800415,
                    -0.738009512424469,
                    -0.6126997470855713,
                    -1.2253996133804321
                ],
                [
                    -0.9591971039772034,
                    0.21753990650177002,
                    0.18060272932052612,
                    0.3612055778503418
                ],
                [
                    1.0540565398287072e-07,
                    0.6387631297111511,
                    -0.7694034576416016,
                    -1.5388067960739136
                ],
                [
                    0.0,
                    0.0,
                    0.0,
                    1.0
                ]
            ]
        },
        {
            "file_path": "00009",
            "rotation": 0.5597336888313293,
            "transform_matrix": [
                [
                    -0.8473965525627136,
                    -0.5281552672386169,
                    -0.05450798198580742,
                    -0.10901585966348648
                ],
                [
                    -0.5309605598449707,
                    0.8429193496704102,
                    0.08699332922697067,
                    0.17398591339588165
                ],
                [
                    -1.5099580252808664e-07,
                    0.1026594340801239,
                    -0.9947165846824646,
                    -1.9894331693649292
                ],
                [
                    0.0,
                    0.0,
                    0.0,
                    1.0
                ]
            ]
        },
        {
            "file_path": "00010",
            "rotation": 2.054248809814453,
            "transform_matrix": [
                [
                    -0.46483874320983887,
                    0.4173111021518707,
                    0.7808818221092224,
                    1.5617634057998657
                ],
                [
                    0.885395348072052,
                    0.21909135580062866,
                    0.4099683463573456,
                    0.8199370503425598
                ],
                [
                    -1.2270078286746866e-07,
                    0.8819583058357239,
                    -0.47132745385169983,
                    -0.9426553845405579
                ],
                [
                    0.0,
                    0.0,
                    0.0,
                    1.0
                ]
            ]
        },
        {
            "file_path": "00011",
            "rotation": -0.5308644771575928,
            "transform_matrix": [
                [
                    0.86236971616745,
                    -0.09148401021957397,
                    -0.4979449510574341,
                    -0.9958899021148682
                ],
                [
                    -0.5062790513038635,
                    -0.15582922101020813,
                    -0.8481737971305847,
                    -1.6963475942611694
                ],
                [
                    -3.586490038287593e-08,
                    0.9835384488105774,
                    -0.18069882690906525,
                    -0.3613974452018738
                ],
                [
                    0.0,
                    0.0,
                    0.0,
                    1.0
                ]
            ]
        },
        {
            "file_path": "00012",
            "rotation": 0.9681181907653809,
            "transform_matrix": [
                [
                    0.5668507814407349,
                    -0.030817197635769844,
                    0.8232438564300537,
                    1.6464877128601074
                ],
                [
                    0.8238204717636108,
                    0.021204601973295212,
                    -0.5664540529251099,
                    -1.1329082250595093
                ],
                [
                    -3.145169102936052e-08,
                    0.9993000626564026,
                    0.037407685071229935,
                    0.07481564581394196
                ],
                [
                    0.0,
                    0.0,
                    0.0,
                    1.0
                ]
            ]
        },
        {
            "file_path": "00013",
            "rotation": 1.1247270107269287,
            "transform_matrix": [
                [
                    0.43142279982566833,
                    0.6689983606338501,
                    0.6052401065826416,
                    1.2104800939559937
                ],
                [
                    0.9021498560905457,
                    -0.319925993680954,
                    -0.28943565487861633,
                    -0.5788716673851013
                ],
                [
                    5.24715701999412e-08,
                    0.6708863973617554,
                    -0.741560161113739,
                    -1.4831202030181885
                ],
                [
                    0.0,
                    0.0,
                    0.0,
                    1.0
                ]
            ]
        },
        {
            "file_path": "00014",
            "rotation": 0.009411013685166836,
            "transform_matrix": [
                [
                    0.9999557137489319,
                    0.0006826636381447315,
                    0.009386081248521805,
                    0.018772156909108162
                ],
                [
                    0.009410873986780643,
                    -0.0725368857383728,
                    -0.9973213076591492,
                    -1.994642734527588
                ],
                [
                    2.0289059321498826e-09,
                    0.9973654747009277,
                    -0.07254009693861008,
                    -0.14507988095283508
                ],
                [
                    0.0,
                    0.0,
                    0.0,
                    1.0
                ]
            ]
        },
        {
            "file_path": "00015",
            "rotation": 0.49400800466537476,
            "transform_matrix": [
                [
                    0.8804395198822021,
                    0.24257542192935944,
                    0.4074106514453888,
                    0.8148212432861328
                ],
                [
                    0.47415849566459656,
                    -0.45042523741722107,
                    -0.7564990520477295,
                    -1.512998342514038
                ],
                [
                    -4.202977166301025e-08,
                    0.8592288494110107,
                    -0.511591374874115,
                    -1.0231828689575195
                ],
                [
                    0.0,
                    0.0,
                    0.0,
                    1.0
                ]
            ]
        },
        {
            "file_path": "00016",
            "rotation": -2.571730613708496,
            "transform_matrix": [
                [
                    -0.8419753909111023,
                    0.16086015105247498,
                    -0.5149770975112915,
                    -1.0299540758132935
                ],
                [
                    -0.5395159125328064,
                    -0.25104039907455444,
                    0.803679883480072,
                    1.6073596477508545
                ],
                [
                    1.4564831118946131e-08,
                    0.9545170068740845,
                    0.2981564402580261,
                    0.5963132381439209
                ],
                [
                    0.0,
                    0.0,
                    0.0,
                    1.0
                ]
            ]
        },
        {
            "file_path": "00017",
            "rotation": -1.837403655052185,
            "transform_matrix": [
                [
                    -0.2634601593017578,
                    -0.5210764408111572,
                    -0.8118301033973694,
                    -1.6236604452133179
                ],
                [
                    -0.9646703004837036,
                    0.14231067895889282,
                    0.22171811759471893,
                    0.44343605637550354
                ],
                [
                    1.0267791061835396e-08,
                    0.8415622711181641,
                    -0.5401601195335388,
                    -1.0803202390670776
                ],
                [
                    0.0,
                    0.0,
                    0.0,
                    1.0
                ]
            ]
        },
        {
            "file_path": "00018",
            "rotation": -1.1084809303283691,
            "transform_matrix": [
                [
                    0.4460216462612152,
                    -0.7165526747703552,
                    -0.5362993478775024,
                    -1.0725988149642944
                ],
                [
                    -0.8950221538543701,
                    -0.35708385705947876,
                    -0.2672571837902069,
                    -0.5345146059989929
                ],
                [
                    2.3789643588401077e-09,
                    0.5992023348808289,
                    -0.8005976676940918,
                    -1.6011950969696045
                ],
                [
                    0.0,
                    0.0,
                    0.0,
                    1.0
                ]
            ]
        },
        {
            "file_path": "00019",
            "rotation": -2.680776357650757,
            "transform_matrix": [
                [
                    -0.8956897854804993,
                    0.2721966505050659,
                    -0.35163724422454834,
                    -0.7032746076583862
                ],
                [
                    -0.4446794092655182,
                    -0.5482686161994934,
                    0.7082808613777161,
                    1.4165618419647217
                ],
                [
                    -7.489988185227503e-09,
                    0.7907657623291016,
                    0.6121188402175903,
                    1.2242375612258911
                ],
                [
                    0.0,
                    0.0,
                    0.0,
                    1.0
                ]
            ]
        }
    ]
}